Payment_ID,Card_Num,Verif_Code,Name_Card,Default_Method,Expiry_Date
1,4111111111111111,123,John Doe,Yes,2025-08-01
2,4111222233334444,456,Jane Smith,Yes,2024-12-01
3,4111555566667777,789,Carlos Gomez,Yes,2026-05-01
4,4111888899990000,234,Alice Chen,Yes,2023-09-01
6,5555444433332222,567,Emma White,Yes,2024-10-01
7,4444333322221111,890,Liam Jones,Yes,2025-03-01
9,4111333355556667,123,Lucas Martinez,Yes,2024-07-01
10,4111777788889998,456,Olivia Garcia,Yes,2026-06-01
11,4111444466667778,789,Mason Taylor,Yes,2025-11-01
12,5555666644443334,234,Chloe Anderson,Yes,2023-12-01
14,4111222244445556,567,David Jackson,Yes,2024-02-01
15,4111999911112223,890,Amelia Hernandez,Yes,2025-04-01
16,4111777766665556,123,Ethan Moore,Yes,2026-03-01
18,5555111122223334,456,Benjamin Morris,Yes,2025-01-01
19,4111888866664445,789,Ava Rogers,Yes,2023-08-01
20,4444222266665556,234,Daniel Kim,Yes,2026-07-01
21,4111333399997778,567,Hannah Nguyen,Yes,2024-10-01
23,5555777744441112,890,Aiden Carter,Yes,2023-05-01
24,4111666677778889,123,Ella Gonzalez,Yes,2025-09-01
25,4111222233334455,456,Alexander Parker,Yes,2024-06-01
26,4111333355559998,789,Grace Evans,Yes,2023-11-01
28,4111555588886667,234,Zoe Harris,Yes,2025-12-01
29,4111222233331112,567,Jane Smith,No,2025-02-01
30,4111777788884445,890,Carlos Gomez,No,2026-01-01
31,4111666699995556,123,Alice Chen,No,2024-09-01
32,5555333366661112,456,Emma White,No,2023-04-01
33,4111222277774445,789,Olivia Garcia,No,2025-07-01
